id,type,x,y,z,slope,outgoing,drain,drainCoupledID,drainType,drainLength,drainWidth,n_Manning,yFull,area,width
1,STREET,824486.617,92476.373,34.1376,0.003092,231,1,506,P-50x100,0.818,0.415,0.013,0.3197,0.0000,0.00
2,STREET,824389.939,92533.749,34.1376,0.026080,85,0,-1,P-50x100,0.818,0.415,0.013,0.3197,0.0000,0.00
3,STREET,824638.546,92597.981,32.9184,0.034819,4,1,503,P-50x100,0.818,0.415,0.013,0.3197,0.0000,0.00
4,STREET,824622.769,92605.570,32.3088,0.011418,86,1,503,P-50x100,0.818,0.415,0.013,0.3197,0.0000,0.00
5,STREET,824457.942,92709.179,29.8704,0.003409,93,1,490,P-50x100,0.818,0.415,0.013,0.3197,0.0000,0.00
6,STREET,823997.757,92590.710,29.2608,0.002432,171,1,400,P-50x100,0.818,0.415,0.013,0.3197,0.0000,0.00
7,STREET,823911.646,92622.249,30.1752,0.003857,221,1,572,P-50x100,0.818,0.415,0.013,0.3197,0.0000,0.00
8,STREET,824209.103,92613.891,32.0040,0.028512,9,1,491,P-50x100,0.818,0.415,0.013,0.3197,0.0000,0.00
9,STREET,824240.582,92704.807,29.2608,0.014065,10,1,492,P-50x100,0.818,0.415,0.013,0.3197,0.0000,0.00
10,STREET,824268.573,92786.844,28.0416,0.005017,95,1,501,P-50x100,0.818,0.415,0.013,0.3197,0.0000,0.00
11,STREET,824776.201,92741.568,32.3088,0.042029,12,1,453,P-50x100,0.818,0.415,0.013,0.3197,0.0000,0.00
12,STREET,824764.633,92750.317,31.6992,0.004218,92,1,453,P-50x100,0.818,0.415,0.013,0.3197,0.0000,0.00
13,STREET,824753.115,92758.664,31.6992,0.005251,92,1,453,P-50x100,0.818,0.415,0.013,0.3197,0.0000,0.00
14,STREET,824753.114,92758.667,31.6992,0.005252,92,1,453,P-50x100,0.818,0.415,0.013,0.3197,0.0000,0.00
15,STREET,824324.998,92767.309,29.2608,0.020418,10,1,457,P-50x100,0.818,0.415,0.013,0.3197,0.0000,0.00
16,STREET,824355.405,92851.195,28.3464,0.012627,96,1,419,P-50x100,0.818,0.415,0.013,0.3197,0.0000,0.00
17,STREET,824375.325,92912.219,28.3464,0.016429,27,1,419,P-50x100,0.818,0.415,0.013,0.3197,0.0000,0.00
18,STREET,824706.118,92792.734,31.3944,0.003077,86,1,392,P-50x100,0.818,0.415,0.013,0.3197,0.0000,0.00
19,STREET,824706.113,92792.735,31.3944,0.003077,86,1,392,P-50x100,0.818,0.415,0.013,0.3197,0.0000,0.00
20,STREET,824583.101,92881.927,29.8704,0.004426,22,1,576,P-50x100,0.818,0.415,0.013,0.3197,0.0000,0.00
21,STREET,824507.673,92816.859,29.8704,0.007863,22,1,511,P-50x100,0.818,0.415,0.013,0.3197,0.0000,0.00
22,STREET,824446.488,92864.465,29.2608,0.010670,17,0,-1,P-50x100,0.818,0.415,0.013,0.3197,0.0000,0.00
23,STREET,824583.100,92881.930,29.8704,0.004426,22,1,576,P-50x100,0.818,0.415,0.013,0.3197,0.0000,0.00
24,STREET,824583.096,92881.931,29.8704,0.004426,22,1,576,P-50x100,0.818,0.415,0.013,0.3197,0.0000,0.00
25,STREET,824496.929,92944.741,29.8704,0.029150,155,1,436,P-50x100,0.818,0.415,0.013,0.3197,0.0000,0.00
26,STREET,824496.928,92944.744,29.8704,0.029151,155,1,436,P-50x100,0.818,0.415,0.013,0.3197,0.0000,0.00
27,STREET,824332.079,92947.253,27.4320,0.007498,99,1,420,P-50x100,0.818,0.415,0.013,0.3197,0.0000,0.00
28,STREET,824362.910,93002.604,27.7368,0.004811,27,1,574,P-50x100,0.818,0.415,0.013,0.3197,0.0000,0.00
29,STREET,824380.400,93029.685,27.7368,0.018233,99,1,574,P-50x100,0.818,0.415,0.013,0.3197,0.0000,0.00
30,STREET,823350.768,93086.343,32.0040,0.010091,244,1,426,P-50x100,0.818,0.415,0.013,0.3197,0.0000,0.00
31,STREET,823345.564,93092.187,32.0040,0.009184,244,1,426,P-50x100,0.818,0.415,0.013,0.3197,0.0000,0.00
32,STREET,823343.205,93097.005,32.0040,0.008747,244,1,426,P-50x100,0.818,0.415,0.013,0.3197,0.0000,0.00
33,STREET,823341.457,93104.173,32.0040,0.008306,244,1,426,P-50x100,0.818,0.415,0.013,0.3197,0.0000,0.00
34,STREET,823340.886,93111.932,32.0040,0.007939,244,1,426,P-50x100,0.818,0.415,0.013,0.3197,0.0000,0.00
35,STREET,823341.487,93123.281,32.0040,0.007471,244,1,426,P-50x100,0.818,0.415,0.013,0.3197,0.0000,0.00
36,STREET,823344.620,93132.593,32.0040,0.007225,244,1,426,P-50x100,0.818,0.415,0.013,0.3197,0.0000,0.00
37,STREET,823351.485,93142.573,32.0040,0.007252,39,1,426,P-50x100,0.818,0.415,0.013,0.3197,0.0000,0.00
38,STREET,823354.394,93145.103,32.0040,0.007601,39,1,426,P-50x100,0.818,0.415,0.013,0.3197,0.0000,0.00
39,STREET,823415.158,93197.450,31.3944,0.004158,42,0,-1,P-50x100,0.818,0.415,0.013,0.3197,0.0000,0.00
40,STREET,823227.992,93147.193,32.3088,0.012189,230,1,382,P-50x100,0.818,0.415,0.013,0.3197,0.0000,0.00
41,STREET,823246.164,93163.884,32.3088,0.009755,230,1,382,P-50x100,0.818,0.415,0.013,0.3197,0.0000,0.00
42,STREET,823560.891,93213.333,30.7848,0.022892,150,1,570,P-50x100,0.818,0.415,0.013,0.3197,0.0000,0.00
43,STREET,823230.078,93269.251,32.6136,0.006889,44,0,-1,P-50x100,0.818,0.415,0.013,0.3197,0.0000,0.00
44,STREET,823296.544,93327.672,32.0040,0.013868,56,1,519,P-50x100,0.818,0.415,0.013,0.3197,0.0000,0.00
45,STREET,823356.280,93262.463,32.6136,0.013900,39,0,-1,P-50x100,0.818,0.415,0.013,0.3197,0.0000,0.00
46,STREET,823479.281,93305.995,32.9184,0.023740,48,1,427,P-50x100,0.818,0.415,0.013,0.3197,0.0000,0.00
47,STREET,823445.293,93342.420,33.2232,0.006178,65,0,-1,P-50x100,0.818,0.415,0.013,0.3197,0.0000,0.00
48,STREET,823504.610,93276.977,32.0040,0.014350,42,1,427,P-50x100,0.818,0.415,0.013,0.3197,0.0000,0.00
49,STREET,823577.785,93341.914,32.6136,0.008218,50,0,-1,P-50x100,0.818,0.415,0.013,0.3197,0.0000,0.00
50,STREET,823630.890,93393.702,32.0040,0.005344,53,0,-1,P-50x100,0.818,0.415,0.013,0.3197,0.0000,0.00
51,STREET,823658.056,93414.727,32.3088,0.026002,53,0,-1,P-50x100,0.818,0.415,0.013,0.3197,0.0000,0.00
52,STREET,823670.598,93420.099,32.3088,0.061603,53,0,-1,P-50x100,0.818,0.415,0.013,0.3197,0.0000,0.00
53,STREET,823680.252,93422.275,31.6992,0.038913,252,0,-1,P-50x100,0.818,0.415,0.013,0.3197,0.0000,0.00
54,STREET,823689.762,93420.669,31.6992,0.047563,252,0,-1,P-50x100,0.818,0.415,0.013,0.3197,0.0000,0.00
55,STREET,823698.130,93417.363,31.6992,0.060810,252,0,-1,P-50x100,0.818,0.415,0.013,0.3197,0.0000,0.00
56,STREET,823239.987,93394.976,30.7848,0.002460,300,1,364,P-50x100,0.818,0.415,0.013,0.3197,0.0000,0.00
57,STREET,823607.222,93487.309,32.3088,0.003157,50,1,428,P-50x100,0.818,0.415,0.013,0.3197,0.0000,0.00
58,STREET,823635.263,93512.000,32.6136,0.008158,57,1,610,P-50x100,0.818,0.415,0.013,0.3197,0.0000,0.00
59,STREET,823710.178,93407.835,31.6992,0.122052,252,0,-1,P-50x100,0.818,0.415,0.013,0.3197,0.0000,0.00
60,STREET,823745.118,93454.085,31.6992,0.038329,216,1,507,P-50x100,0.818,0.415,0.013,0.3197,0.0000,0.00
61,STREET,823766.163,93477.939,30.4800,0.006436,252,1,507,P-50x100,0.818,0.415,0.013,0.3197,0.0000,0.00
62,STREET,823421.865,93439.478,32.3088,0.013883,63,1,520,P-50x100,0.818,0.415,0.013,0.3197,0.0000,0.00
63,STREET,823364.646,93506.094,31.0896,0.004934,295,1,516,P-50x100,0.818,0.415,0.013,0.3197,0.0000,0.00
64,STREET,823376.522,93516.504,31.0896,0.003991,295,0,-1,P-50x100,0.818,0.415,0.013,0.3197,0.0000,0.00
65,STREET,823481.993,93375.392,32.9184,0.006937,62,0,-1,P-50x100,0.818,0.415,0.013,0.3197,0.0000,0.00
66,STREET,824237.648,92479.844,34.4424,0.020465,69,1,505,P-50x100,0.818,0.415,0.013,0.3197,0.0000,0.00
67,STREET,824244.237,92504.966,34.4424,0.021841,76,1,505,P-50x100,0.818,0.415,0.013,0.3197,0.0000,0.00
68,STREET,824146.497,92481.115,32.9184,0.009672,218,1,525,P-50x100,0.818,0.415,0.013,0.3197,0.0000,0.00
69,STREET,824173.681,92517.970,32.9184,0.010007,218,1,525,P-50x100,0.818,0.415,0.013,0.3197,0.0000,0.00
70,STREET,823594.509,92488.810,32.3088,0.009921,262,1,527,P-50x100,0.818,0.415,0.013,0.3197,0.0000,0.00
71,STREET,824704.751,92473.332,34.7472,0.005790,212,0,-1,P-50x100,0.818,0.415,0.013,0.3197,0.0000,0.00
72,STREET,823812.590,92485.770,32.0040,0.011426,220,0,-1,P-50x100,0.818,0.415,0.013,0.3197,0.0000,0.00
73,STREET,824370.692,92477.989,34.1376,0.015994,85,0,-1,P-50x100,0.818,0.415,0.013,0.3197,0.0000,0.00
74,STREET,823659.446,92487.905,32.3088,0.004513,235,1,458,P-50x100,0.818,0.415,0.013,0.3197,0.0000,0.00
75,STREET,824601.983,92512.510,33.8328,0.009836,3,1,512,P-50x100,0.818,0.415,0.013,0.3197,0.0000,0.00
76,STREET,824178.409,92528.109,32.9184,0.010036,8,1,525,P-50x100,0.818,0.415,0.013,0.3197,0.0000,0.00
77,STREET,823617.819,92519.977,32.3088,0.009829,79,1,527,P-50x100,0.818,0.415,0.013,0.3197,0.0000,0.00
78,STREET,823625.444,92530.201,32.3088,0.012370,79,1,527,P-50x100,0.818,0.415,0.013,0.3197,0.0000,0.00
79,STREET,823652.593,92571.328,31.6992,0.002841,262,0,-1,P-50x100,0.818,0.415,0.013,0.3197,0.0000,0.00
80,STREET,823668.602,92595.579,31.6992,0.009936,81,0,-1,P-50x100,0.818,0.415,0.013,0.3197,0.0000,0.00
81,STREET,823738.062,92696.731,30.4800,0.015820,223,1,504,P-50x100,0.818,0.415,0.013,0.3197,0.0000,0.00
82,STREET,824743.488,92562.965,34.7472,0.010174,212,1,518,P-50x100,0.818,0.415,0.013,0.3197,0.0000,0.00
83,STREET,824779.460,92665.628,34.7472,0.032080,11,1,453,P-50x100,0.818,0.415,0.013,0.3197,0.0000,0.00
84,STREET,824319.666,92577.308,34.4424,0.003687,2,1,534,P-50x100,0.818,0.415,0.013,0.3197,0.0000,0.00
85,STREET,824423.917,92620.852,31.6992,0.019321,5,1,474,P-50x100,0.818,0.415,0.013,0.3197,0.0000,0.00
86,STREET,824675.108,92698.647,31.0896,0.005948,21,0,-1,P-50x100,0.818,0.415,0.013,0.3197,0.0000,0.00
87,STREET,824031.157,93284.262,27.4320,0.008696,106,1,440,P-50x100,0.818,0.415,0.013,0.3197,0.0000,0.00
88,STREET,824031.154,93284.263,27.4320,0.008695,106,1,440,P-50x100,0.818,0.415,0.013,0.3197,0.0000,0.00
89,STREET,823951.100,93342.616,28.3464,0.009230,88,1,612,P-50x100,0.818,0.415,0.013,0.3197,0.0000,0.00
90,STREET,823951.099,93342.619,28.3464,0.009230,88,1,612,P-50x100,0.818,0.415,0.013,0.3197,0.0000,0.00
91,STREET,824753.109,92758.668,31.6992,0.005252,92,1,453,P-50x100,0.818,0.415,0.013,0.3197,0.0000,0.00
92,STREET,824706.120,92792.730,31.3944,0.003077,86,1,392,P-50x100,0.818,0.415,0.013,0.3197,0.0000,0.00
93,STREET,824377.571,92748.327,29.5656,0.005453,15,1,456,P-50x100,0.818,0.415,0.013,0.3197,0.0000,0.00
94,STREET,824205.444,92808.178,27.7368,0.013325,175,1,502,P-50x100,0.818,0.415,0.013,0.3197,0.0000,0.00
95,STREET,824233.503,92836.452,27.7368,0.004100,201,1,502,P-50x100,0.818,0.415,0.013,0.3197,0.0000,0.00
96,STREET,824301.118,92899.120,27.4320,0.005322,99,1,420,P-50x100,0.818,0.415,0.013,0.3197,0.0000,0.00
97,STREET,824311.656,92911.653,27.4320,0.005783,99,1,420,P-50x100,0.818,0.415,0.013,0.3197,0.0000,0.00
98,STREET,824380.397,93029.686,27.7368,0.018234,99,1,574,P-50x100,0.818,0.415,0.013,0.3197,0.0000,0.00
99,STREET,824326.366,93069.074,26.5176,0.003051,141,1,574,P-50x100,0.818,0.415,0.013,0.3197,0.0000,0.00
100,STREET,824326.362,93069.075,26.5176,0.003052,141,1,574,P-50x100,0.818,0.415,0.013,0.3197,0.0000,0.00
101,OUTFALLSTREET,824225.767,93142.400,26.2128,0.000000,-1,0,-1,P-50x100,0.818,0.415,0.013,0.3197,0.0000,0.00
102,STREET,824225.769,93142.402,26.2128,0.000000,101,0,-1,P-50x100,0.818,0.415,0.013,0.3197,0.0000,0.00
103,STREET,824225.765,93142.403,26.2128,0.000000,101,0,-1,P-50x100,0.818,0.415,0.013,0.3197,0.0000,0.00
104,STREET,824116.136,93222.316,26.5176,0.002247,139,1,509,P-50x100,0.818,0.415,0.013,0.3197,0.0000,0.00
105,STREET,823228.501,93176.982,32.3088,0.008724,230,1,382,P-50x100,0.818,0.415,0.013,0.3197,0.0000,0.00
106,STREET,824116.132,93222.319,26.5176,0.002247,139,1,509,P-50x100,0.818,0.415,0.013,0.3197,0.0000,0.00
107,STREET,824031.158,93284.259,27.4320,0.008696,106,1,440,P-50x100,0.818,0.415,0.013,0.3197,0.0000,0.00
108,STREET,823250.121,93403.941,30.7848,0.002648,300,1,365,P-50x100,0.818,0.415,0.013,0.3197,0.0000,0.00
109,STREET,823235.923,93419.926,30.7848,0.003074,300,1,365,P-50x100,0.818,0.415,0.013,0.3197,0.0000,0.00
110,STREET,823232.716,93423.538,30.7848,0.003180,300,1,365,P-50x100,0.818,0.415,0.013,0.3197,0.0000,0.00
111,STREET,823505.846,93514.253,31.0896,0.001508,295,0,-1,P-50x100,0.818,0.415,0.013,0.3197,0.0000,0.00
112,STREET,824663.074,93195.163,28.6512,0.009277,116,1,437,P-50x100,0.818,0.415,0.013,0.3197,0.0000,0.00
113,STREET,824647.954,93204.863,28.6512,0.010741,116,1,437,P-50x100,0.818,0.415,0.013,0.3197,0.0000,0.00
114,STREET,824630.268,93215.132,28.6512,0.013099,116,1,437,P-50x100,0.818,0.415,0.013,0.3197,0.0000,0.00
115,STREET,824616.290,93224.261,28.6512,0.015940,116,0,-1,P-50x100,0.818,0.415,0.013,0.3197,0.0000,0.00
116,STREET,824547.589,93257.880,27.4320,0.045050,350,1,438,P-50x100,0.818,0.415,0.013,0.3197,0.0000,0.00
117,STREET,824725.548,93133.831,30.1752,0.008082,119,1,439,P-50x100,0.818,0.415,0.013,0.3197,0.0000,0.00
118,STREET,824716.419,93149.520,30.1752,0.015406,119,1,439,P-50x100,0.818,0.415,0.013,0.3197,0.0000,0.00
119,STREET,824703.011,93164.069,29.8704,0.033171,121,1,439,P-50x100,0.818,0.415,0.013,0.3197,0.0000,0.00
120,STREET,824687.892,93176.051,29.8704,0.069811,121,1,439,P-50x100,0.818,0.415,0.013,0.3197,0.0000,0.00
121,STREET,824674.199,93186.891,28.6512,0.008399,116,1,439,P-50x100,0.818,0.415,0.013,0.3197,0.0000,0.00
122,STREET,824733.821,92874.521,31.3944,0.019867,274,1,391,P-50x100,0.818,0.415,0.013,0.3197,0.0000,0.00
123,STREET,824771.631,92848.043,32.3088,0.019810,122,1,391,P-50x100,0.818,0.415,0.013,0.3197,0.0000,0.00
124,STREET,824684.356,93018.419,29.8704,0.004983,264,1,551,P-50x100,0.818,0.415,0.013,0.3197,0.0000,0.00
125,STREET,824712.313,93050.025,30.4800,0.014447,124,1,551,P-50x100,0.818,0.415,0.013,0.3197,0.0000,0.00
126,STREET,824762.515,93060.450,31.0896,0.028126,128,1,498,P-50x100,0.818,0.415,0.013,0.3197,0.0000,0.00
127,STREET,824758.354,93074.495,31.0896,0.051066,128,1,551,P-50x100,0.818,0.415,0.013,0.3197,0.0000,0.00
128,STREET,824751.507,93091.040,30.1752,0.003477,119,1,551,P-50x100,0.818,0.415,0.013,0.3197,0.0000,0.00
129,STREET,824762.918,92958.390,31.6992,0.046129,276,1,390,P-50x100,0.818,0.415,0.013,0.3197,0.0000,0.00
130,STREET,824767.016,92955.572,31.6992,0.038866,276,1,390,P-50x100,0.818,0.415,0.013,0.3197,0.0000,0.00
131,STREET,823951.098,93342.623,28.3464,0.009230,88,1,612,P-50x100,0.818,0.415,0.013,0.3197,0.0000,0.00
132,STREET,823887.418,93389.085,28.3464,0.005140,88,1,571,P-50x100,0.818,0.415,0.013,0.3197,0.0000,0.00
133,STREET,823766.167,93477.940,30.4800,0.006436,252,1,507,P-50x100,0.818,0.415,0.013,0.3197,0.0000,0.00
134,STREET,824031.157,93284.265,27.4320,0.008696,106,1,440,P-50x100,0.818,0.415,0.013,0.3197,0.0000,0.00
135,STREET,823951.103,93342.618,28.3464,0.009230,88,1,612,P-50x100,0.818,0.415,0.013,0.3197,0.0000,0.00
136,STREET,824116.135,93222.319,26.5176,0.002247,139,1,509,P-50x100,0.818,0.415,0.013,0.3197,0.0000,0.00
137,STREET,824116.135,93222.322,26.5176,0.002247,139,1,509,P-50x100,0.818,0.415,0.013,0.3197,0.0000,0.00
138,STREET,824031.160,93284.263,27.4320,0.008696,106,1,440,P-50x100,0.818,0.415,0.013,0.3197,0.0000,0.00
139,STREET,824225.767,93142.406,26.2128,0.000000,101,0,-1,P-50x100,0.818,0.415,0.013,0.3197,0.0000,0.00
140,STREET,824116.138,93222.319,26.5176,0.002247,139,1,509,P-50x100,0.818,0.415,0.013,0.3197,0.0000,0.00
141,STREET,824245.649,93127.911,26.2128,0.000000,101,0,-1,P-50x100,0.818,0.415,0.013,0.3197,0.0000,0.00
142,STREET,824380.401,93029.688,27.7368,0.018234,99,1,574,P-50x100,0.818,0.415,0.013,0.3197,0.0000,0.00
143,STREET,824583.103,92881.930,29.8704,0.004426,22,1,576,P-50x100,0.818,0.415,0.013,0.3197,0.0000,0.00
144,STREET,824706.116,92792.739,31.3944,0.003077,86,1,392,P-50x100,0.818,0.415,0.013,0.3197,0.0000,0.00
145,STREET,824706.122,92792.734,31.3944,0.003077,86,1,392,P-50x100,0.818,0.415,0.013,0.3197,0.0000,0.00
146,STREET,824753.113,92758.671,31.6992,0.005252,92,1,453,P-50x100,0.818,0.415,0.013,0.3197,0.0000,0.00
147,STREET,824753.118,92758.668,31.6992,0.005251,92,1,453,P-50x100,0.818,0.415,0.013,0.3197,0.0000,0.00
148,STREET,824764.634,92750.319,31.6992,0.004218,92,1,453,P-50x100,0.818,0.415,0.013,0.3197,0.0000,0.00
149,STREET,824776.201,92741.573,32.3088,0.042038,12,1,453,P-50x100,0.818,0.415,0.013,0.3197,0.0000,0.00
150,STREET,823587.735,93183.754,29.8704,0.004195,214,1,570,P-50x100,0.818,0.415,0.013,0.3197,0.0000,0.00
151,STREET,824454.171,92975.911,28.3464,0.008803,353,1,451,P-50x100,0.818,0.415,0.013,0.3197,0.0000,0.00
152,STREET,824452.443,92977.169,28.3464,0.009084,353,1,451,P-50x100,0.818,0.415,0.013,0.3197,0.0000,0.00
153,STREET,824380.403,93029.684,27.7368,0.018233,99,1,574,P-50x100,0.818,0.415,0.013,0.3197,0.0000,0.00
154,STREET,824496.925,92944.744,29.8704,0.029153,155,1,436,P-50x100,0.818,0.415,0.013,0.3197,0.0000,0.00
155,STREET,824454.682,92975.539,28.3464,0.008724,353,1,451,P-50x100,0.818,0.415,0.013,0.3197,0.0000,0.00
156,STREET,823244.724,92493.686,31.0896,0.000698,226,1,605,P-50x100,0.818,0.415,0.013,0.3197,0.0000,0.00
157,STREET,823252.964,92505.261,31.0896,0.000721,226,1,605,P-50x100,0.818,0.415,0.013,0.3197,0.0000,0.00
158,STREET,823255.330,92507.890,31.0896,0.000727,226,1,605,P-50x100,0.818,0.415,0.013,0.3197,0.0000,0.00
159,STREET,823258.226,92508.616,31.0896,0.000731,226,1,605,P-50x100,0.818,0.415,0.013,0.3197,0.0000,0.00
160,STREET,823288.001,92803.223,33.2232,0.033539,164,1,586,P-50x100,0.818,0.415,0.013,0.3197,0.0000,0.00
161,STREET,823222.935,92851.371,31.0896,0.005656,169,0,-1,P-50x100,0.818,0.415,0.013,0.3197,0.0000,0.00
162,STREET,823397.992,92929.817,31.3944,0.002253,227,1,592,P-50x100,0.818,0.415,0.013,0.3197,0.0000,0.00
163,STREET,823317.541,92835.404,33.2232,0.168358,164,1,586,P-50x100,0.818,0.415,0.013,0.3197,0.0000,0.00
164,STREET,823324.368,92843.853,31.3944,0.002997,161,1,588,P-50x100,0.818,0.415,0.013,0.3197,0.0000,0.00
165,STREET,823282.824,93029.206,31.6992,0.009119,167,1,591,P-50x100,0.818,0.415,0.013,0.3197,0.0000,0.00
166,STREET,823225.616,93008.196,30.4800,0.001515,150,1,581,P-50x100,0.818,0.415,0.013,0.3197,0.0000,0.00
167,STREET,823256.125,93049.319,31.3944,0.017858,166,1,593,P-50x100,0.818,0.415,0.013,0.3197,0.0000,0.00
168,STREET,823345.754,92870.321,31.3944,0.002453,161,1,588,P-50x100,0.818,0.415,0.013,0.3197,0.0000,0.00
169,STREET,823224.777,92959.133,30.4800,0.000773,225,1,587,P-50x100,0.818,0.415,0.013,0.3197,0.0000,0.00
170,STREET,824052.420,92670.738,29.2608,0.010145,171,1,573,P-50x100,0.818,0.415,0.013,0.3197,0.0000,0.00
171,STREET,824077.310,92687.564,28.9560,0.017709,207,1,573,P-50x100,0.818,0.415,0.013,0.3197,0.0000,0.00
172,STREET,824093.640,92702.533,28.9560,0.022141,207,1,573,P-50x100,0.818,0.415,0.013,0.3197,0.0000,0.00
173,STREET,824118.490,92725.017,28.9560,0.034015,207,0,-1,P-50x100,0.818,0.415,0.013,0.3197,0.0000,0.00
174,STREET,824148.310,92751.641,28.9560,0.053788,207,0,-1,P-50x100,0.818,0.415,0.013,0.3197,0.0000,0.00
175,STREET,824173.870,92775.071,27.1272,0.001841,100,1,502,P-50x100,0.818,0.415,0.013,0.3197,0.0000,0.00
176,STREET,824158.968,92761.411,28.9560,0.090466,175,1,502,P-50x100,0.818,0.415,0.013,0.3197,0.0000,0.00
177,STREET,824154.345,92760.694,28.9560,0.075423,175,1,502,P-50x100,0.818,0.415,0.013,0.3197,0.0000,0.00
178,STREET,824149.552,92761.936,28.9560,0.066170,175,1,502,P-50x100,0.818,0.415,0.013,0.3197,0.0000,0.00
179,STREET,824145.292,92764.954,28.9560,0.081071,207,1,502,P-50x100,0.818,0.415,0.013,0.3197,0.0000,0.00
180,STREET,823260.635,92508.506,31.0896,0.000734,226,1,605,P-50x100,0.818,0.415,0.013,0.3197,0.0000,0.00
181,STREET,823263.185,92506.177,31.0896,0.000734,226,1,605,P-50x100,0.818,0.415,0.013,0.3197,0.0000,0.00
182,STREET,823274.193,92493.275,31.0896,0.000729,226,1,605,P-50x100,0.818,0.415,0.013,0.3197,0.0000,0.00
183,STREET,823217.521,92534.642,31.0896,0.001436,169,1,600,P-50x100,0.818,0.415,0.013,0.3197,0.0000,0.00
184,STREET,823234.781,92550.896,31.0896,0.000755,226,1,600,P-50x100,0.818,0.415,0.013,0.3197,0.0000,0.00
185,STREET,823333.997,92492.441,31.6992,0.010192,182,0,-1,P-50x100,0.818,0.415,0.013,0.3197,0.0000,0.00
186,STREET,823258.313,92546.103,31.0896,0.000782,226,1,600,P-50x100,0.818,0.415,0.013,0.3197,0.0000,0.00
187,STREET,823245.530,92572.830,32.9184,0.074870,184,1,600,P-50x100,0.818,0.415,0.013,0.3197,0.0000,0.00
188,STREET,823218.492,92591.470,32.9184,0.041828,184,1,600,P-50x100,0.818,0.415,0.013,0.3197,0.0000,0.00
189,STREET,823251.380,92560.904,32.9184,0.111889,186,1,600,P-50x100,0.818,0.415,0.013,0.3197,0.0000,0.00
190,STREET,823264.123,92572.830,32.9184,0.066862,186,1,600,P-50x100,0.818,0.415,0.013,0.3197,0.0000,0.00
191,STREET,823274.984,92592.777,32.9184,0.036899,186,1,600,P-50x100,0.818,0.415,0.013,0.3197,0.0000,0.00
192,STREET,823286.348,92613.648,33.2232,0.012826,191,1,601,P-50x100,0.818,0.415,0.013,0.3197,0.0000,0.00
193,STREET,823289.108,92618.878,33.2232,0.010271,191,1,601,P-50x100,0.818,0.415,0.013,0.3197,0.0000,0.00
194,STREET,823292.303,92622.799,33.2232,0.008794,191,1,601,P-50x100,0.818,0.415,0.013,0.3197,0.0000,0.00
195,STREET,823496.472,92494.932,32.9184,0.017526,262,1,470,P-50x100,0.818,0.415,0.013,0.3197,0.0000,0.00
196,STREET,823439.847,92533.508,32.9184,0.013768,262,1,470,P-50x100,0.818,0.415,0.013,0.3197,0.0000,0.00
197,STREET,823310.279,92621.776,33.2232,0.006673,191,1,601,P-50x100,0.818,0.415,0.013,0.3197,0.0000,0.00
198,STREET,823308.137,92623.235,33.2232,0.006770,191,1,601,P-50x100,0.818,0.415,0.013,0.3197,0.0000,0.00
199,STREET,823302.907,92625.705,33.2232,0.007060,191,1,601,P-50x100,0.818,0.415,0.013,0.3197,0.0000,0.00
200,STREET,823298.064,92625.922,33.2232,0.007547,191,1,601,P-50x100,0.818,0.415,0.013,0.3197,0.0000,0.00
201,STREET,824224.823,92910.286,27.4320,0.002109,175,0,-1,P-50x100,0.818,0.415,0.013,0.3197,0.0000,0.00
202,STREET,824299.739,93016.827,27.4320,0.015593,100,1,420,P-50x100,0.818,0.415,0.013,0.3197,0.0000,0.00
203,STREET,823924.841,92484.205,32.3088,0.002724,261,0,-1,P-50x100,0.818,0.415,0.013,0.3197,0.0000,0.00
204,STREET,823966.087,92543.334,32.3088,0.053487,6,1,400,P-50x100,0.818,0.415,0.013,0.3197,0.0000,0.00
205,STREET,824069.905,92698.832,28.9560,0.018723,207,1,573,P-50x100,0.818,0.415,0.013,0.3197,0.0000,0.00
206,STREET,824101.962,92743.638,28.9560,0.042944,207,0,-1,P-50x100,0.818,0.415,0.013,0.3197,0.0000,0.00
207,STREET,824126.967,92778.109,27.1272,0.001728,100,0,-1,P-50x100,0.818,0.415,0.013,0.3197,0.0000,0.00
208,STREET,824044.447,92656.794,29.2608,0.006770,171,1,573,P-50x100,0.818,0.415,0.013,0.3197,0.0000,0.00
209,STREET,824049.284,92664.205,29.2608,0.008354,171,1,573,P-50x100,0.818,0.415,0.013,0.3197,0.0000,0.00
210,STREET,824784.256,92553.883,35.9664,0.029190,82,1,518,P-50x100,0.818,0.415,0.013,0.3197,0.0000,0.00
211,STREET,824707.575,92569.335,34.7472,0.025838,212,1,518,P-50x100,0.818,0.415,0.013,0.3197,0.0000,0.00
212,STREET,824685.185,92576.775,34.1376,0.023797,3,1,518,P-50x100,0.818,0.415,0.013,0.3197,0.0000,0.00
213,STREET,823951.095,93342.619,28.3464,0.009230,88,1,612,P-50x100,0.818,0.415,0.013,0.3197,0.0000,0.00
214,STREET,823887.418,93389.082,28.3464,0.005140,88,1,571,P-50x100,0.818,0.415,0.013,0.3197,0.0000,0.00
215,STREET,823766.165,93477.936,30.4800,0.006436,252,1,507,P-50x100,0.818,0.415,0.013,0.3197,0.0000,0.00
216,STREET,823766.159,93477.940,30.4800,0.006436,252,1,507,P-50x100,0.818,0.415,0.013,0.3197,0.0000,0.00
217,STREET,823721.734,93510.495,32.9184,0.044273,216,1,497,P-50x100,0.818,0.415,0.013,0.3197,0.0000,0.00
218,STREET,824091.576,92558.069,32.0040,0.015715,237,1,469,P-50x100,0.818,0.415,0.013,0.3197,0.0000,0.00
219,STREET,824088.217,92559.191,32.0040,0.028636,6,1,469,P-50x100,0.818,0.415,0.013,0.3197,0.0000,0.00
220,STREET,823869.048,92635.533,30.1752,0.008857,221,1,572,P-50x100,0.818,0.415,0.013,0.3197,0.0000,0.00
221,STREET,823836.646,92647.121,29.8704,0.005788,223,1,459,P-50x100,0.818,0.415,0.013,0.3197,0.0000,0.00
222,STREET,823826.405,92651.581,29.8704,0.007346,223,1,459,P-50x100,0.818,0.415,0.013,0.3197,0.0000,0.00
223,STREET,823788.601,92668.686,29.5656,0.001365,6,1,459,P-50x100,0.818,0.415,0.013,0.3197,0.0000,0.00
224,STREET,823664.437,92738.531,30.7848,0.003600,81,0,-1,P-50x100,0.818,0.415,0.013,0.3197,0.0000,0.00
225,STREET,823581.231,92790.735,30.1752,0.002533,223,0,-1,P-50x100,0.818,0.415,0.013,0.3197,0.0000,0.00
226,STREET,823535.602,92819.793,30.7848,0.011269,225,1,595,P-50x100,0.818,0.415,0.013,0.3197,0.0000,0.00
227,STREET,823501.019,92842.128,31.0896,0.007404,226,1,595,P-50x100,0.818,0.415,0.013,0.3197,0.0000,0.00
228,STREET,823477.484,92862.061,31.6992,0.019765,227,1,595,P-50x100,0.818,0.415,0.013,0.3197,0.0000,0.00
229,STREET,823448.425,92886.797,31.6992,0.004598,162,1,595,P-50x100,0.818,0.415,0.013,0.3197,0.0000,0.00
230,STREET,823226.710,93072.186,31.3944,0.014288,166,1,594,P-50x100,0.818,0.415,0.013,0.3197,0.0000,0.00
231,STREET,824585.168,92474.999,33.8328,0.006821,3,1,577,P-50x100,0.818,0.415,0.013,0.3197,0.0000,0.00
232,STREET,824654.215,92635.493,32.9184,0.014043,4,0,-1,P-50x100,0.818,0.415,0.013,0.3197,0.0000,0.00
233,STREET,823232.108,93387.978,32.0040,0.115690,56,1,364,P-50x100,0.818,0.415,0.013,0.3197,0.0000,0.00
234,STREET,823703.126,92487.296,32.3088,0.009385,235,1,458,P-50x100,0.818,0.415,0.013,0.3197,0.0000,0.00
235,STREET,823721.799,92513.867,32.0040,0.003389,79,1,458,P-50x100,0.818,0.415,0.013,0.3197,0.0000,0.00
236,STREET,823820.407,92654.192,29.8704,0.008720,223,1,459,P-50x100,0.818,0.415,0.013,0.3197,0.0000,0.00
237,STREET,824094.144,92655.010,30.4800,0.041584,171,1,573,P-50x100,0.818,0.415,0.013,0.3197,0.0000,0.00
238,STREET,823354.565,93081.902,32.0040,0.010821,244,1,426,P-50x100,0.818,0.415,0.013,0.3197,0.0000,0.00
239,STREET,823362.131,93076.905,32.0040,0.012474,244,1,426,P-50x100,0.818,0.415,0.013,0.3197,0.0000,0.00
240,STREET,823374.125,93072.041,32.0040,0.016178,244,1,426,P-50x100,0.818,0.415,0.013,0.3197,0.0000,0.00
241,STREET,823380.052,93070.550,32.0040,0.018846,244,1,426,P-50x100,0.818,0.415,0.013,0.3197,0.0000,0.00
242,STREET,823390.018,93070.846,32.0040,0.026592,244,1,426,P-50x100,0.818,0.415,0.013,0.3197,0.0000,0.00
243,STREET,823400.998,93074.283,32.0040,0.052574,244,1,426,P-50x100,0.818,0.415,0.013,0.3197,0.0000,0.00
244,STREET,823410.878,93080.353,31.3944,0.004599,166,1,426,P-50x100,0.818,0.415,0.013,0.3197,0.0000,0.00
245,STREET,823637.315,93283.699,30.4800,0.006323,246,0,-1,P-50x100,0.818,0.415,0.013,0.3197,0.0000,0.00
246,STREET,823709.585,93347.499,29.8704,0.008345,214,0,-1,P-50x100,0.818,0.415,0.013,0.3197,0.0000,0.00
247,STREET,823714.599,93353.758,29.8704,0.008640,214,0,-1,P-50x100,0.818,0.415,0.013,0.3197,0.0000,0.00
248,STREET,823718.133,93358.195,29.8704,0.008856,214,0,-1,P-50x100,0.818,0.415,0.013,0.3197,0.0000,0.00
249,STREET,823721.085,93367.836,29.8704,0.009089,214,0,-1,P-50x100,0.818,0.415,0.013,0.3197,0.0000,0.00
250,STREET,823721.756,93373.966,29.8704,0.009161,214,0,-1,P-50x100,0.818,0.415,0.013,0.3197,0.0000,0.00
251,STREET,823721.078,93388.164,29.8704,0.009162,214,0,-1,P-50x100,0.818,0.415,0.013,0.3197,0.0000,0.00
252,STREET,823719.061,93395.769,29.8704,0.009045,214,0,-1,P-50x100,0.818,0.415,0.013,0.3197,0.0000,0.00
253,STREET,823715.351,93402.990,31.6992,0.225264,252,0,-1,P-50x100,0.818,0.415,0.013,0.3197,0.0000,0.00
254,STREET,823493.329,92490.220,32.9184,0.016454,262,1,470,P-50x100,0.818,0.415,0.013,0.3197,0.0000,0.00
255,STREET,823586.548,92626.165,32.0040,0.008441,262,1,417,P-50x100,0.818,0.415,0.013,0.3197,0.0000,0.00
256,STREET,824462.531,92721.091,29.8704,0.003416,93,1,490,P-50x100,0.818,0.415,0.013,0.3197,0.0000,0.00
257,STREET,823222.919,92742.944,32.9184,0.016867,161,1,589,P-50x100,0.818,0.415,0.013,0.3197,0.0000,0.00
258,STREET,823221.103,92744.228,32.9184,0.017066,161,1,589,P-50x100,0.818,0.415,0.013,0.3197,0.0000,0.00
259,STREET,824374.414,92916.060,28.3464,0.017389,27,1,419,P-50x100,0.818,0.415,0.013,0.3197,0.0000,0.00
260,STREET,824371.027,92919.659,28.3464,0.019157,27,1,419,P-50x100,0.818,0.415,0.013,0.3197,0.0000,0.00
261,STREET,824036.717,92482.645,32.0040,0.023880,6,1,468,P-50x100,0.818,0.415,0.013,0.3197,0.0000,0.00
262,STREET,823545.406,92566.812,31.3944,0.002918,224,1,417,P-50x100,0.818,0.415,0.013,0.3197,0.0000,0.00
263,STREET,823345.431,92697.783,32.9184,0.010327,164,1,418,P-50x100,0.818,0.415,0.013,0.3197,0.0000,0.00
264,STREET,824562.798,93032.230,29.2608,0.007490,155,1,472,P-50x100,0.818,0.415,0.013,0.3197,0.0000,0.00
265,STREET,824638.269,93137.124,28.6512,0.006335,358,1,437,P-50x100,0.818,0.415,0.013,0.3197,0.0000,0.00
266,STREET,824642.370,93142.700,28.6512,0.006339,358,1,437,P-50x100,0.818,0.415,0.013,0.3197,0.0000,0.00
267,STREET,824007.815,93418.137,28.6512,0.003227,131,1,496,P-50x100,0.818,0.415,0.013,0.3197,0.0000,0.00
268,STREET,824760.586,93105.395,31.0896,0.053837,128,1,439,P-50x100,0.818,0.415,0.013,0.3197,0.0000,0.00
269,STREET,824496.931,92944.744,29.8704,0.029150,155,1,436,P-50x100,0.818,0.415,0.013,0.3197,0.0000,0.00
270,STREET,824583.100,92881.933,29.8704,0.004426,22,1,576,P-50x100,0.818,0.415,0.013,0.3197,0.0000,0.00
271,STREET,823766.162,93477.943,30.4800,0.006436,252,1,507,P-50x100,0.818,0.415,0.013,0.3197,0.0000,0.00
272,STREET,823721.741,93510.494,32.9184,0.044278,216,1,497,P-50x100,0.818,0.415,0.013,0.3197,0.0000,0.00
273,STREET,824774.250,92787.020,32.3088,0.017239,147,1,453,P-50x100,0.818,0.415,0.013,0.3197,0.0000,0.00
274,STREET,824744.375,92903.333,30.7848,0.007045,124,1,391,P-50x100,0.818,0.415,0.013,0.3197,0.0000,0.00
275,STREET,824758.068,92942.415,30.7848,0.008636,124,1,390,P-50x100,0.818,0.415,0.013,0.3197,0.0000,0.00
276,STREET,824766.056,92971.227,31.0896,0.010194,275,1,390,P-50x100,0.818,0.415,0.013,0.3197,0.0000,0.00
277,STREET,824766.305,92972.141,31.0896,0.009881,275,1,390,P-50x100,0.818,0.415,0.013,0.3197,0.0000,0.00
278,STREET,824140.228,93451.741,28.6512,0.002319,323,1,368,P-50x100,0.818,0.415,0.013,0.3197,0.0000,0.00
279,STREET,824133.199,93461.640,28.6512,0.002262,323,1,368,P-50x100,0.818,0.415,0.013,0.3197,0.0000,0.00
280,STREET,824116.101,93503.629,28.6512,0.002088,323,1,522,P-50x100,0.818,0.415,0.013,0.3197,0.0000,0.00
281,STREET,824173.456,93417.478,28.6512,0.011611,320,1,366,P-50x100,0.818,0.415,0.013,0.3197,0.0000,0.00
282,STREET,824446.162,93322.422,26.8224,0.015909,283,1,452,P-50x100,0.818,0.415,0.013,0.3197,0.0000,0.00
283,STREET,824455.799,93338.981,26.5176,0.022315,284,1,452,P-50x100,0.818,0.415,0.013,0.3197,0.0000,0.00
284,STREET,824465.588,93348.506,26.2128,0.000000,101,1,452,P-50x100,0.818,0.415,0.013,0.3197,0.0000,0.00
285,STREET,824479.347,93359.883,26.2128,0.000000,101,1,452,P-50x100,0.818,0.415,0.013,0.3197,0.0000,0.00
286,STREET,824498.661,93380.785,26.2128,0.000000,101,0,-1,P-50x100,0.818,0.415,0.013,0.3197,0.0000,0.00
287,STREET,824515.330,93398.777,26.2128,0.000000,101,0,-1,P-50x100,0.818,0.415,0.013,0.3197,0.0000,0.00
288,STREET,824522.960,93411.561,26.2128,0.000000,101,0,-1,P-50x100,0.818,0.415,0.013,0.3197,0.0000,0.00
289,STREET,824525.120,93415.181,26.2128,0.000000,101,0,-1,P-50x100,0.818,0.415,0.013,0.3197,0.0000,0.00
290,STREET,824545.757,93461.483,26.5176,0.006013,289,0,-1,P-50x100,0.818,0.415,0.013,0.3197,0.0000,0.00
291,STREET,824556.870,93482.914,26.5176,0.004075,289,0,-1,P-50x100,0.818,0.415,0.013,0.3197,0.0000,0.00
292,STREET,824562.389,93495.860,26.5176,0.003430,289,0,-1,P-50x100,0.818,0.415,0.013,0.3197,0.0000,0.00
293,STREET,823341.086,93517.121,31.0896,0.006689,295,1,516,P-50x100,0.818,0.415,0.013,0.3197,0.0000,0.00
294,STREET,823324.948,93508.026,31.0896,0.011117,295,1,516,P-50x100,0.818,0.415,0.013,0.3197,0.0000,0.00
295,STREET,823305.313,93488.892,30.7848,0.004416,300,1,516,P-50x100,0.818,0.415,0.013,0.3197,0.0000,0.00
296,STREET,823294.445,93475.906,31.6992,0.054000,295,1,516,P-50x100,0.818,0.415,0.013,0.3197,0.0000,0.00
297,STREET,823283.311,93474.798,31.6992,0.045937,298,1,516,P-50x100,0.818,0.415,0.013,0.3197,0.0000,0.00
298,STREET,823266.540,93485.520,30.7848,0.007486,300,1,516,P-50x100,0.818,0.415,0.013,0.3197,0.0000,0.00
299,STREET,823255.622,93500.080,30.7848,0.013526,300,1,516,P-50x100,0.818,0.415,0.013,0.3197,0.0000,0.00
300,STREET,823243.118,93518.826,30.4800,0.001268,150,0,-1,P-50x100,0.818,0.415,0.013,0.3197,0.0000,0.00
301,STREET,824430.664,93330.620,26.8224,0.025782,310,1,452,P-50x100,0.818,0.415,0.013,0.3197,0.0000,0.00
302,STREET,824422.832,93339.933,26.5176,0.006990,284,1,452,P-50x100,0.818,0.415,0.013,0.3197,0.0000,0.00
303,STREET,824415.767,93355.491,26.5176,0.006059,284,1,452,P-50x100,0.818,0.415,0.013,0.3197,0.0000,0.00
304,STREET,824409.100,93375.811,26.5176,0.004858,284,1,486,P-50x100,0.818,0.415,0.013,0.3197,0.0000,0.00
305,STREET,824404.020,93392.479,26.5176,0.004029,284,1,486,P-50x100,0.818,0.415,0.013,0.3197,0.0000,0.00
306,STREET,824399.403,93405.391,26.5176,0.003493,284,1,486,P-50x100,0.818,0.415,0.013,0.3197,0.0000,0.00
307,STREET,824393.265,93417.880,26.5176,0.003041,284,1,486,P-50x100,0.818,0.415,0.013,0.3197,0.0000,0.00
308,STREET,824383.951,93429.521,27.4320,0.081121,347,1,425,P-50x100,0.818,0.415,0.013,0.3197,0.0000,0.00
309,STREET,824372.098,93444.549,27.4320,0.047926,347,1,425,P-50x100,0.818,0.415,0.013,0.3197,0.0000,0.00
310,STREET,824437.291,93340.409,26.5176,0.010356,284,1,452,P-50x100,0.818,0.415,0.013,0.3197,0.0000,0.00
311,STREET,824429.460,93353.321,26.5176,0.008363,284,1,452,P-50x100,0.818,0.415,0.013,0.3197,0.0000,0.00
312,STREET,824423.956,93367.291,26.5176,0.006673,284,1,452,P-50x100,0.818,0.415,0.013,0.3197,0.0000,0.00
313,STREET,824418.665,93384.648,26.5176,0.005146,284,1,486,P-50x100,0.818,0.415,0.013,0.3197,0.0000,0.00
314,STREET,824413.373,93400.734,26.5176,0.004127,284,1,486,P-50x100,0.818,0.415,0.013,0.3197,0.0000,0.00
315,STREET,824409.920,93429.045,26.5176,0.003113,284,1,486,P-50x100,0.818,0.415,0.013,0.3197,0.0000,0.00
316,STREET,824409.708,93458.043,26.5176,0.002587,286,1,425,P-50x100,0.818,0.415,0.013,0.3197,0.0000,0.00
317,STREET,824411.884,93498.480,26.5176,0.002168,289,1,425,P-50x100,0.818,0.415,0.013,0.3197,0.0000,0.00
318,STREET,824741.791,93403.517,29.2608,0.016833,334,1,619,P-50x100,0.818,0.415,0.013,0.3197,0.0000,0.00
319,STREET,824748.008,93398.465,32.0040,0.342459,318,0,-1,P-50x100,0.818,0.415,0.013,0.3197,0.0000,0.00
320,STREET,824250.533,93346.167,27.4320,0.005725,307,1,424,P-50x100,0.818,0.415,0.013,0.3197,0.0000,0.00
321,STREET,824363.199,93453.057,27.4320,0.029875,347,1,425,P-50x100,0.818,0.415,0.013,0.3197,0.0000,0.00
322,STREET,824717.380,93493.162,28.0416,0.009831,292,1,622,P-50x100,0.818,0.415,0.013,0.3197,0.0000,0.00
323,STREET,824262.054,93501.089,28.3464,0.012781,332,0,-1,P-50x100,0.818,0.415,0.013,0.3197,0.0000,0.00
324,STREET,824023.118,93439.588,28.6512,0.002523,131,1,496,P-50x100,0.818,0.415,0.013,0.3197,0.0000,0.00
325,STREET,824027.292,93448.265,28.6512,0.002340,131,1,496,P-50x100,0.818,0.415,0.013,0.3197,0.0000,0.00
326,STREET,824028.735,93457.084,28.6512,0.002204,131,1,496,P-50x100,0.818,0.415,0.013,0.3197,0.0000,0.00
327,STREET,824027.957,93463.170,28.6512,0.002132,131,1,496,P-50x100,0.818,0.415,0.013,0.3197,0.0000,0.00
328,STREET,824012.637,93505.430,31.0896,0.054246,327,0,-1,P-50x100,0.818,0.415,0.013,0.3197,0.0000,0.00
329,STREET,824367.564,93457.516,27.4320,0.031073,347,1,425,P-50x100,0.818,0.415,0.013,0.3197,0.0000,0.00
330,STREET,824356.646,93470.373,27.4320,0.019825,347,1,425,P-50x100,0.818,0.415,0.013,0.3197,0.0000,0.00
331,STREET,824334.210,93498.948,27.4320,0.011772,317,1,425,P-50x100,0.818,0.415,0.013,0.3197,0.0000,0.00
332,STREET,824333.587,93499.843,27.4320,0.011677,317,1,425,P-50x100,0.818,0.415,0.013,0.3197,0.0000,0.00
333,STREET,824622.398,93362.607,28.0416,0.016539,289,1,626,P-50x100,0.818,0.415,0.013,0.3197,0.0000,0.00
334,STREET,824682.693,93445.386,28.0416,0.011681,292,1,619,P-50x100,0.818,0.415,0.013,0.3197,0.0000,0.00
335,STREET,824357.837,93133.056,27.1272,0.007598,336,0,-1,P-50x100,0.818,0.415,0.013,0.3197,0.0000,0.00
336,STREET,824376.093,93168.774,26.8224,0.006360,337,0,-1,P-50x100,0.818,0.415,0.013,0.3197,0.0000,0.00
337,STREET,824397.524,93211.637,26.5176,0.001994,284,0,-1,P-50x100,0.818,0.415,0.013,0.3197,0.0000,0.00
338,STREET,824411.680,93242.196,26.8224,0.009050,337,0,-1,P-50x100,0.818,0.415,0.013,0.3197,0.0000,0.00
339,STREET,824433.693,93296.806,26.8224,0.006967,310,1,452,P-50x100,0.818,0.415,0.013,0.3197,0.0000,0.00
340,STREET,823967.875,93445.385,28.6512,0.003104,132,1,496,P-50x100,0.818,0.415,0.013,0.3197,0.0000,0.00
341,STREET,823907.417,93488.907,28.9560,0.004092,340,0,-1,P-50x100,0.818,0.415,0.013,0.3197,0.0000,0.00
342,STREET,823882.245,93507.700,30.7848,0.058217,341,0,-1,P-50x100,0.818,0.415,0.013,0.3197,0.0000,0.00
343,STREET,823789.431,93509.316,32.3088,0.046820,133,1,611,P-50x100,0.818,0.415,0.013,0.3197,0.0000,0.00
344,STREET,824409.920,93409.360,26.5176,0.003696,284,1,486,P-50x100,0.818,0.415,0.013,0.3197,0.0000,0.00
345,STREET,824405.965,93417.245,26.5176,0.003350,284,1,486,P-50x100,0.818,0.415,0.013,0.3197,0.0000,0.00
346,STREET,824400.038,93426.981,26.5176,0.002981,284,1,486,P-50x100,0.818,0.415,0.013,0.3197,0.0000,0.00
347,STREET,824390.301,93438.834,26.5176,0.002592,284,1,425,P-50x100,0.818,0.415,0.013,0.3197,0.0000,0.00
348,STREET,824378.660,93452.381,27.4320,0.051193,347,1,425,P-50x100,0.818,0.415,0.013,0.3197,0.0000,0.00
349,STREET,824163.816,93263.824,27.7368,0.019287,140,1,509,P-50x100,0.818,0.415,0.013,0.3197,0.0000,0.00
350,STREET,824536.120,93265.060,26.8224,0.002792,283,1,438,P-50x100,0.818,0.415,0.013,0.3197,0.0000,0.00
351,STREET,824478.883,93300.892,26.8224,0.006844,283,1,452,P-50x100,0.818,0.415,0.013,0.3197,0.0000,0.00
352,STREET,824380.404,93029.686,27.7368,0.018233,99,1,574,P-50x100,0.818,0.415,0.013,0.3197,0.0000,0.00
353,STREET,824398.214,93016.702,27.7368,0.013713,99,1,574,P-50x100,0.818,0.415,0.013,0.3197,0.0000,0.00
354,STREET,824496.928,92944.747,29.8704,0.029152,155,1,436,P-50x100,0.818,0.415,0.013,0.3197,0.0000,0.00
355,STREET,823291.732,92808.082,33.2232,0.037769,164,1,586,P-50x100,0.818,0.415,0.013,0.3197,0.0000,0.00
356,STREET,824380.404,93029.691,27.7368,0.018233,99,1,574,P-50x100,0.818,0.415,0.013,0.3197,0.0000,0.00
357,STREET,824515.690,93213.778,27.7368,0.005600,116,1,438,P-50x100,0.818,0.415,0.013,0.3197,0.0000,0.00
358,STREET,824525.026,93226.609,27.7368,0.007904,116,1,438,P-50x100,0.818,0.415,0.013,0.3197,0.0000,0.00
359,STREET,824534.529,93239.556,27.7368,0.013546,116,1,438,P-50x100,0.818,0.415,0.013,0.3197,0.0000,0.00
360,STREET,824301.990,92478.947,34.4424,0.004436,73,1,505,P-50x100,0.818,0.415,0.013,0.3197,0.0000,0.00
361,STREET,824294.089,92482.902,34.4424,0.003971,73,1,505,P-50x100,0.818,0.415,0.013,0.3197,0.0000,0.00
364,SEWER,823239.810,93395.871,27.7368,0.003771,447,0,-1,Circular,0.500,0.500,0.010,0.5000,0.0000,0.00
365,SEWER,823249.944,93404.836,27.7368,0.003805,447,0,-1,Circular,0.500,0.500,0.010,0.5000,0.0000,0.00
366,SEWER,824173.278,93418.373,25.6032,0.011611,424,0,-1,Circular,0.500,0.500,0.010,0.5000,0.0000,0.00
368,SEWER,824133.021,93462.535,25.6032,0.007406,424,0,-1,Circular,0.500,0.500,0.010,0.5000,0.0000,0.00
382,SEWER,823245.986,93164.779,29.2608,0.009505,594,0,-1,Circular,0.500,0.500,0.010,0.5000,0.0000,0.00
390,SEWER,824762.741,92959.285,28.6512,0.009466,498,0,-1,Circular,0.500,0.500,0.010,0.5000,0.0000,0.00
391,SEWER,824733.643,92875.416,28.3464,0.010099,576,0,-1,Circular,0.500,0.500,0.010,0.5000,0.0000,0.00
392,SEWER,824705.941,92793.629,28.3464,0.002883,513,0,-1,Circular,0.500,0.500,0.010,0.5000,0.0000,0.00
400,SEWER,823997.580,92591.605,26.2128,0.003095,447,0,-1,Circular,0.500,0.500,0.010,0.5000,0.0000,0.00
417,SEWER,823545.229,92567.707,28.3464,0.003935,504,0,-1,Circular,0.500,0.500,0.010,0.5000,0.0000,0.00
418,SEWER,823370.308,92684.481,29.8704,0.008091,588,0,-1,Circular,0.500,0.500,0.010,0.5000,0.0000,0.00
419,SEWER,824375.148,92913.114,25.2984,0.016429,420,0,-1,Circular,0.500,0.500,0.010,0.5000,0.0000,0.00
420,SEWER,824331.901,92948.148,24.3840,0.002038,447,0,-1,Circular,0.500,0.500,0.010,0.5000,0.0000,0.00
424,SEWER,824250.356,93347.062,24.3840,0.007022,447,0,-1,Circular,0.500,0.500,0.010,0.5000,0.0000,0.00
425,SEWER,824367.386,93458.411,24.3840,0.014428,447,0,-1,Circular,0.500,0.500,0.010,0.5000,0.0000,0.00
426,SEWER,823350.590,93087.238,28.9560,0.003433,591,0,-1,Circular,0.500,0.500,0.010,0.5000,0.0000,0.00
427,SEWER,823504.432,93277.872,28.9560,0.014350,570,0,-1,Circular,0.500,0.500,0.010,0.5000,0.0000,0.00
428,SEWER,823607.044,93488.204,29.2608,0.011486,611,0,-1,Circular,0.500,0.500,0.010,0.5000,0.0000,0.00
436,SEWER,824496.751,92945.639,26.8224,0.028803,451,0,-1,Circular,0.500,0.500,0.010,0.5000,0.0000,0.00
437,SEWER,824640.142,93140.807,25.6032,0.008125,438,0,-1,Circular,0.500,0.500,0.010,0.5000,0.0000,0.00
438,SEWER,824547.412,93258.775,24.3840,0.005901,452,0,-1,Circular,0.500,0.500,0.010,0.5000,0.0000,0.00
439,SEWER,824716.242,93150.415,27.1272,0.019869,437,0,-1,Circular,0.500,0.500,0.010,0.5000,0.0000,0.00
440,SEWER,824030.979,93285.157,24.3840,0.008695,509,0,-1,Circular,0.500,0.500,0.010,0.5000,0.0000,0.00
441,SEWER,823950.922,93343.514,25.2984,0.009230,440,0,-1,Circular,0.500,0.500,0.010,0.5000,0.0000,0.00
447,OUTFALLSEWER,824371.375,93395.161,23.4696,0.000000,-1,0,-1,Circular,0.500,0.500,0.010,0.5000,0.0000,0.00
451,SEWER,824453.994,92976.806,25.2984,0.006678,574,0,-1,Circular,0.500,0.500,0.010,0.5000,0.0000,0.00
452,SEWER,824422.146,93349.987,23.4696,0.000000,447,0,-1,Circular,0.500,0.500,0.010,0.5000,0.0000,0.00
453,SEWER,824799.636,92724.609,29.2608,0.007858,392,0,-1,Circular,0.500,0.500,0.010,0.5000,0.0000,0.00
456,SEWER,824377.393,92749.222,26.5176,0.005453,457,0,-1,Circular,0.500,0.500,0.010,0.5000,0.0000,0.00
457,SEWER,824324.821,92768.204,26.2128,0.020418,501,0,-1,Circular,0.500,0.500,0.010,0.5000,0.0000,0.00
458,SEWER,823687.884,92466.752,29.2608,0.006291,527,0,-1,Circular,0.500,0.500,0.010,0.5000,0.0000,0.00
459,SEWER,823820.230,92655.087,26.8224,0.003236,400,0,-1,Circular,0.500,0.500,0.010,0.5000,0.0000,0.00
468,SEWER,824016.274,92453.419,28.9560,0.019672,400,0,-1,Circular,0.500,0.500,0.010,0.5000,0.0000,0.00
469,SEWER,824088.040,92560.086,28.9560,0.028636,400,0,-1,Circular,0.500,0.500,0.010,0.5000,0.0000,0.00
470,SEWER,823496.295,92495.827,29.8704,0.017526,417,0,-1,Circular,0.500,0.500,0.010,0.5000,0.0000,0.00
471,SEWER,824534.076,92918.431,26.8224,0.015378,451,0,-1,Circular,0.500,0.500,0.010,0.5000,0.0000,0.00
472,SEWER,824633.244,93052.712,26.8224,0.013797,437,0,-1,Circular,0.500,0.500,0.010,0.5000,0.0000,0.00
473,SEWER,824542.838,92549.283,30.7848,0.016444,503,0,-1,Circular,0.500,0.500,0.010,0.5000,0.0000,0.00
474,SEWER,824423.739,92621.747,28.6512,0.019321,490,0,-1,Circular,0.500,0.500,0.010,0.5000,0.0000,0.00
486	SEWER	824413.1955598440	93401.62951474110	23.4696	0.0	447	0	-1	Circular	0.5	0.5	0.01	0.5	0.0	0.0
490	SEWER	824457.7645982240	92710.07396188830	26.8224	0.003409449788941460	456	0	-1	Circular	0.5	0.5	0.01	0.5	0.0	0.0
491	SEWER	824208.9260493090	92614.78602683660	28.956000000000000	0.028512284935269100	492	0	-1	Circular	0.5	0.5	0.01	0.5	0.0	0.0
492	SEWER	824240.4042901160	92705.70196389450	26.2128	0.014065450541666000	501	0	-1	Circular	0.5	0.5	0.01	0.5	0.0	0.0
496	SEWER	824007.6376903640	93419.032172433	25.6032	0.0032273123730222900	441	0	-1	Circular	0.5	0.5	0.01	0.5	0.0	0.0
497	SEWER	823693.5417534430	93531.9207605592	29.8704	0.00609070142374109	610	0	-1	Circular	0.5	0.5	0.01	0.5	0.0	0.0
498	SEWER	824770.7283256610	93023.18510622570	28.041600000000000	0.009403734432069610	551	0	-1	Circular	0.5	0.5	0.01	0.5	0.0	0.0
501	SEWER	824268.3952374450	92787.73861684190	24.9936	0.004574093192968040	502	0	-1	Circular	0.5	0.5	0.01	0.5	0.0	0.0
502	SEWER	824205.266650647	92809.07307670540	24.6888	0.0016204900567477500	420	0	-1	Circular	0.5	0.5	0.01	0.5	0.0	0.0
503	SEWER	824575.7015876590	92635.93969863460	29.260800000000000	0.010730173881435800	513	0	-1	Circular	0.5	0.5	0.01	0.5	0.0	0.0
504	SEWER	823737.8848960790	92697.62606487640	27.432	0.006577217711473190	459	0	-1	Circular	0.5	0.5	0.01	0.5	0.0	0.0
505	SEWER	824293.9119996690	92483.7970651343	31.3944	0.010120078692059300	525	0	-1	Circular	0.5	0.5	0.01	0.5	0.0	0.0
506	SEWER	824494.5597383310	92472.44899099220	31.0896	0.003646525871640410	577	0	-1	Circular	0.5	0.5	0.01	0.5	0.0	0.0
507	SEWER	823765.9859243030	93478.83425816760	27.432	0.0177730832992545	571	0	-1	Circular	0.5	0.5	0.01	0.5	0.0	0.0
509	SEWER	824115.9573004190	93223.21372815890	23.4696	0.0	447	0	-1	Circular	0.5	0.5	0.01	0.5	0.0	0.0
511	SEWER	824507.495605673	92817.75396923070	26.8224	0.002072781828112050	456	0	-1	Circular	0.5	0.5	0.01	0.5	0.0	0.0
512	SEWER	824601.8057439240	92513.40442010520	30.7848	0.012164269259080900	503	0	-1	Circular	0.5	0.5	0.01	0.5	0.0	0.0
513	SEWER	824612.9974175280	92743.26780627650	28.041600000000000	0.009440441014075560	511	0	-1	Circular	0.5	0.5	0.01	0.5	0.0	0.0
515	SEWER	823270.73781845	93423.38414469980	27.7368	0.0038757521236645100	447	0	-1	Circular	0.5	0.5	0.01	0.5	0.0	0.0
516	SEWER	823310.6042456300	93458.9441816986	28.651200000000000	0.017116729183645500	515	0	-1	Circular	0.5	0.5	0.01	0.5	0.0	0.0
518	SEWER	824743.3111875110	92563.85993302340	31.6992	0.0060866001677139700	512	0	-1	Circular	0.5	0.5	0.01	0.5	0.0	0.0
519	SEWER	823296.366874816	93328.5673162173	28.956000000000000	0.013868405791204000	364	0	-1	Circular	0.5	0.5	0.01	0.5	0.0	0.0
520	SEWER	823421.6870459120	93440.37271815850	29.260800000000000	0.005412674552012520	516	0	-1	Circular	0.5	0.5	0.01	0.5	0.0	0.0
522	SEWER	824115.6371933700	93505.22872005140	25.6032	0.0058682020659807800	424	0	-1	Circular	0.5	0.5	0.01	0.5	0.0	0.0
523	SEWER	823442.0101087970	93458.46788610790	29.260800000000000	0.004639031934646530	516	0	-1	Circular	0.5	0.5	0.01	0.5	0.0	0.0
525	SEWER	824143.4284710620	92478.0898713506	29.8704	0.009240979387438410	469	0	-1	Circular	0.5	0.5	0.01	0.5	0.0	0.0
527	SEWER	823569.9557026990	92551.71422322580	28.346400000000000	0.004110317655163910	504	0	-1	Circular	0.5	0.5	0.01	0.5	0.0	0.0
534	SEWER	824285.0951127010	92589.58317429650	31.3944	0.030392486425363700	491	0	-1	Circular	0.5	0.5	0.01	0.5	0.0	0.0
550	SEWER	824582.922467966	92882.82515403290	26.8224	0.009552098997222890	451	0	-1	Circular	0.5	0.5	0.01	0.5	0.0	0.0
551	SEWER	824712.1355305180	93050.91965467730	27.432	0.007725058984341730	472	0	-1	Circular	0.5	0.5	0.01	0.5	0.0	0.0
570	SEWER	823560.7135014480	93214.227729355	27.7368	0.005137442235019690	447	0	-1	Circular	0.5	0.5	0.01	0.5	0.0	0.0
571	SEWER	823862.815851688	93407.87528862680	25.2984	0.004392362409084750	440	0	-1	Circular	0.5	0.5	0.01	0.5	0.0	0.0
572	SEWER	823911.4680852180	92623.14410374910	27.1272	0.009971046047113	400	0	-1	Circular	0.5	0.5	0.01	0.5	0.0	0.0
573	SEWER	824052.2423301840	92671.63272019060	26.2128	0.007409390328895300	502	0	-1	Circular	0.5	0.5	0.01	0.5	0.0	0.0
574	SEWER	824380.2252293120	93030.57868236090	24.6888	0.0031899293628754700	420	0	-1	Circular	0.5	0.5	0.01	0.5	0.0	0.0
575	SEWER	824705.9358486570	92793.62981805090	28.346400000000000	0.002883453016489700	513	0	-1	Circular	0.5	0.5	0.01	0.5	0.0	0.0
576	SEWER	824582.9256679580	92882.824854029	26.8224	0.009551933600328020	451	0	-1	Circular	0.5	0.5	0.01	0.5	0.0	0.0
577	SEWER	824576.8344904370	92457.6993197854	30.7848	0.008550078419711140	503	0	-1	Circular	0.5	0.5	0.01	0.5	0.0	0.0
581	SEWER	823231.3437004420	93017.05127571050	27.432	0.0032989782530620800	447	0	-1	Circular	0.5	0.5	0.01	0.5	0.0	0.0
586	SEWER	823287.823904397	92804.117560867	30.1752	0.020657389679433500	588	0	-1	Circular	0.5	0.5	0.01	0.5	0.0	0.0
587	SEWER	823201.5764551800	92976.92894719710	27.432	0.0031895281585986800	447	0	-1	Circular	0.5	0.5	0.01	0.5	0.0	0.0
588	SEWER	823345.5762984900	92871.21624153840	28.346400000000000	0.005118764141338310	587	0	-1	Circular	0.5	0.5	0.01	0.5	0.0	0.0
589	SEWER	823222.7418233330	92743.83856771140	29.8704	0.00861231671131718	588	0	-1	Circular	0.5	0.5	0.01	0.5	0.0	0.0
591	SEWER	823282.6459076240	93030.10125357820	28.651200000000000	0.009118526029925170	593	0	-1	Circular	0.5	0.5	0.01	0.5	0.0	0.0
592	SEWER	823397.8145027260	92930.71153575380	28.346400000000000	0.004876049105760750	581	0	-1	Circular	0.5	0.5	0.01	0.5	0.0	0.0
593	SEWER	823255.9473551990	93050.21381662310	28.346400000000000	0.02214430533377380	581	0	-1	Circular	0.5	0.5	0.01	0.5	0.0	0.0
594	SEWER	823230.7733000430	93069.78378069320	28.346400000000000	0.017339333879616700	581	0	-1	Circular	0.5	0.5	0.01	0.5	0.0	0.0
595	SEWER	823488.4044415280	92853.5563772085	28.651200000000000	0.002561484228316690	592	0	-1	Circular	0.5	0.5	0.01	0.5	0.0	0.0
600	SEWER	823251.2019769570	92561.79899645310	29.8704	0.03467971510825850	605	0	-1	Circular	0.5	0.5	0.01	0.5	0.0	0.0
601	SEWER	823297.8861910510	92626.81698058090	30.1752	0.0038079911880621600	600	0	-1	Circular	0.5	0.5	0.01	0.5	0.0	0.0
605	SEWER	823258.0481660250	92509.5112908454	28.041600000000000	0.003213768270485520	447	0	-1	Circular	0.5	0.5	0.01	0.5	0.0	0.0
610	SEWER	823644.6371418760	93521.30517836520	29.5656	0.006085102593246060	428	0	-1	Circular	0.5	0.5	0.01	0.5	0.0	0.0
611	SEWER	823765.984024306	93478.83795815260	27.432	0.017772532624655700	571	0	-1	Circular	0.5	0.5	0.01	0.5	0.0	0.0
612	SEWER	823950.9227946260	93343.51070696630	25.2984	0.009230150849866160	440	0	-1	Circular	0.5	0.5	0.01	0.5	0.0	0.0
619	SEWER	824682.5152732100	93446.28134156610	24.9936	0.0026377086994678300	438	0	-1	Circular	0.5	0.5	0.01	0.5	0.0	0.0
622	SEWER	824726.8429916600	93507.33523277440	24.9936	0.001988529935185370	438	0	-1	Circular	0.5	0.5	0.01	0.5	0.0	0.0
626	SEWER	824622.2210841260	93363.50188908080	24.9936	0.0047365225368455800	438	0	-1	Circular	0.5	0.5	0.01	0.5	0.0	0.0
632	SEWER	824685.5968711540	93317.1722742659	24.9936	0.004063512106631520	438	0	-1	Circular	0.5	0.5	0.01	0.5	0.0	0.0
633	SUBCATCHMENT	824438.2778826250	92505.0610298166	34.1376	0.0	1	0	-1	P-50x100	0.818	0.415	0.017	0.0	3426.592630581950	30.48
634	SUBCATCHMENT	824573.0854621900	92637.57663491570	31.6992	0.0143711604150046	5	0	-1	P-50x100	0.818	0.415	0.017	0.0	6464.546864496900	30.48
635	SUBCATCHMENT	823954.7013156260	92606.47976377600	29.718	0.0099710480189152	6	0	-1	P-50x100	0.818	0.415	0.017	0.0	2795.183810882100	30.48
636	SUBCATCHMENT	824239.4192295230	92701.84723970930	29.76880000000000	0.0216653429655154	10	0	-1	P-50x100	0.818	0.415	0.017	0.0	5574.522969344850	30.48
637	SUBCATCHMENT	824761.7658282410	92752.303980482	31.8516	0.0212183972578699	12	0	-1	P-50x100	0.818	0.415	0.017	0.0	875.6838593503290	30.48
638	SUBCATCHMENT	824351.9092045430	92843.57448958740	28.651200000000000	0.0059608715158501	16	0	-1	P-50x100	0.818	0.415	0.017	0.0	4675.643809112560	30.48
639	SUBCATCHMENT	824665.1107781390	92822.4652651394	30.886400000000000	0.0100296333590205	20	0	-1	P-50x100	0.818	0.415	0.017	0.0	4631.427524538760	30.48
640	SUBCATCHMENT	824477.0805208650	92840.66224541350	29.5656	0.007863378898143	22	0	-1	P-50x100	0.818	0.415	0.017	0.0	2362.9292497132200	30.48
641	SUBCATCHMENT	824540.0134949990	92913.33637506250	29.8704	0.0	23	0	-1	P-50x100	0.818	0.415	0.017	0.0	3250.2425287249600	30.48
642	SUBCATCHMENT	824358.4630581020	92993.18095704010	27.635200000000000	0.0031899215542699	27	0	-1	P-50x100	0.818	0.415	0.017	0.0	2912.3926221835300	30.48
643	SUBCATCHMENT	823352.9024192270	93123.2640602074	31.94304	0.0047470439567963	39	0	-1	P-50x100	0.818	0.415	0.017	0.0	3914.142815846100	30.48
644	SUBCATCHMENT	823227.9917079950	93147.1932896837	32.308800000000000	0.0	40	0	-1	P-50x100	0.818	0.415	0.017	0.0	464.5152000000000	30.48
645	SUBCATCHMENT	823246.163882704	93163.88434896490	32.308800000000000	0.0	41	0	-1	P-50x100	0.818	0.415	0.017	0.0	464.5152000000000	30.48
646	SUBCATCHMENT	823560.8910532510	93213.33275007120	30.7848	0.0	42	0	-1	P-50x100	0.818	0.415	0.017	0.0	464.5152000000000	30.48
647	SUBCATCHMENT	823230.0781640130	93269.250966725	32.6136	0.0	43	0	-1	P-50x100	0.818	0.415	0.017	0.0	464.5152000000000	30.48
648	SUBCATCHMENT	823296.5443819440	93327.67242139150	32.004000000000000	0.0	44	0	-1	P-50x100	0.818	0.415	0.017	0.0	464.5152000000000	30.48
649	SUBCATCHMENT	823356.2797624710	93262.4626518092	32.6136	0.0	45	0	-1	P-50x100	0.818	0.415	0.017	0.0	464.5152000000000	30.48
650	SUBCATCHMENT	823462.2868504590	93324.20762831830	33.0708	0.0061180342971471	46	0	-1	P-50x100	0.818	0.415	0.017	0.0	1518.5112650205500	30.48
651	SUBCATCHMENT	823638.7605350100	93388.46577480240	32.042100000000000	0.0038246993260119	53	0	-1	P-50x100	0.818	0.415	0.017	0.0	7287.085761343090	30.48
652	SUBCATCHMENT	823239.987395057	93394.9760867839	30.7848	0.0	56	0	-1	P-50x100	0.818	0.415	0.017	0.0	464.5152000000000	30.48
653	SUBCATCHMENT	823621.2423938880	93499.65417843660	32.461200000000000	0.0081577909251077	57	0	-1	P-50x100	0.818	0.415	0.017	0.0	1138.8259499770500	30.48
654	SUBCATCHMENT	823740.4861940570	93446.61975016020	31.292800000000000	0.0135895027754934	61	0	-1	P-50x100	0.818	0.415	0.017	0.0	2734.55303066823	30.48
655	SUBCATCHMENT	823421.8646313010	93439.47759777790	32.308800000000000	0.0	62	0	-1	P-50x100	0.818	0.415	0.017	0.0	464.5152000000000	30.48
656	SUBCATCHMENT	823370.5836566540	93511.29926133020	31.0896	0.0	63	0	-1	P-50x100	0.818	0.415	0.017	0.0	481.3565839730710	30.48
657	SUBCATCHMENT	823481.9933110450	93375.39152594910	32.9184	0.0	65	0	-1	P-50x100	0.818	0.415	0.017	0.0	464.5152000000000	30.48
658	SUBCATCHMENT	824240.9426195590	92492.40488256010	34.4424	0.0	66	0	-1	P-50x100	0.818	0.415	0.017	0.0	791.6014450197570	30.48
659	SUBCATCHMENT	824160.0889968600	92499.542468439	32.9184	0.0	68	0	-1	P-50x100	0.818	0.415	0.017	0.0	1395.8674124412300	30.48
660	SUBCATCHMENT	823594.5091414090	92488.8097936355	32.308800000000000	0.0	70	0	-1	P-50x100	0.818	0.415	0.017	0.0	464.5152000000000	30.48
661	SUBCATCHMENT	824704.7506866440	92473.33244867410	34.7472	0.0	71	0	-1	P-50x100	0.818	0.415	0.017	0.0	464.5152000000000	30.48
662	SUBCATCHMENT	823812.5904992960	92485.76962600700	32.004000000000000	0.0	72	0	-1	P-50x100	0.818	0.415	0.017	0.0	464.5152000000000	30.48
663	SUBCATCHMENT	824370.6915086930	92477.98940747450	34.1376	0.0	73	0	-1	P-50x100	0.818	0.415	0.017	0.0	464.5152000000000	30.48
664	SUBCATCHMENT	823659.4457244070	92487.90454387250	32.308800000000000	0.0	74	0	-1	P-50x100	0.818	0.415	0.017	0.0	464.5152000000000	30.48
665	SUBCATCHMENT	824601.9829710620	92512.50955171790	33.8328	0.0	75	0	-1	P-50x100	0.818	0.415	0.017	0.0	464.5152000000000	30.48
666	SUBCATCHMENT	824178.4091182100	92528.10852051820	32.9184	0.0	76	0	-1	P-50x100	0.818	0.415	0.017	0.0	464.5152000000000	30.48
667	SUBCATCHMENT	823660.5039340230	92582.76337121050	31.6992	0.0085547092928376	81	0	-1	P-50x100	0.818	0.415	0.017	0.0	6515.922644696890	30.48
668	SUBCATCHMENT	824761.4744227060	92614.29643551510	34.7472	0.0	82	0	-1	P-50x100	0.818	0.415	0.017	0.0	3315.6830677151000	30.48
669	SUBCATCHMENT	824319.6656356960	92577.3083221184	34.4424	0.0	84	0	-1	P-50x100	0.818	0.415	0.017	0.0	464.5152000000000	30.48
670	SUBCATCHMENT	824423.916627192	92620.85213503310	31.6992	0.0	85	0	-1	P-50x100	0.818	0.415	0.017	0.0	464.5152000000000	30.48
671	SUBCATCHMENT	824675.10832481	92698.64667944180	31.0896	0.0	86	0	-1	P-50x100	0.818	0.415	0.017	0.0	464.5152000000000	30.48
672	SUBCATCHMENT	823991.1275677740	93313.43994985490	27.8892	0.0092298722903603	87	0	-1	P-50x100	0.818	0.415	0.017	0.0	3019.64221423826	30.48
673	SUBCATCHMENT	824729.6148657970	92775.69917533970	31.5468	0.0052519183670264	92	0	-1	P-50x100	0.818	0.415	0.017	0.0	1768.935339575730	30.48
674	SUBCATCHMENT	824377.5705198880	92748.32658008490	29.5656	0.0	93	0	-1	P-50x100	0.818	0.415	0.017	0.0	464.5152000000000	30.48
675	SUBCATCHMENT	824262.9302491660	92863.85087403490	27.5844	0.002055517015288	96	0	-1	P-50x100	0.818	0.415	0.017	0.0	4519.692092501630	30.48
676	SUBCATCHMENT	824380.3968142340	93029.68561736300	27.7368	0.0	98	0	-1	P-50x100	0.818	0.415	0.017	0.0	464.5152000000000	30.48
677	SUBCATCHMENT	824292.8318893640	93093.51625636990	26.416000000000000	0.0024484641857222	101	0	-1	P-50x100	0.818	0.415	0.017	0.0	3794.3393471607700	30.48
678	SUBCATCHMENT	824189.2231965820	93169.04030532210	26.3144	0.0022466813303068	102	0	-1	P-50x100	0.818	0.415	0.017	0.0	4135.1231590690900	30.48
679	SUBCATCHMENT	823228.5009246540	93176.98246426700	32.308800000000000	0.0	105	0	-1	P-50x100	0.818	0.415	0.017	0.0	464.5152000000000	30.48
680	SUBCATCHMENT	824073.6448277380	93253.28897015670	26.9748	0.0086959053804597	106	0	-1	P-50x100	0.818	0.415	0.017	0.0	3205.0615526047200	30.48
681	SUBCATCHMENT	823239.5867730480	93415.80171201300	30.7848	0.0	108	0	-1	P-50x100	0.818	0.415	0.017	0.0	798.8854805361050	30.48
682	SUBCATCHMENT	823505.8457466300	93514.25277027970	31.0896	0.0	111	0	-1	P-50x100	0.818	0.415	0.017	0.0	464.5152000000000	30.48
683	SUBCATCHMENT	824621.0349329560	93219.45987781410	28.40736	0.009277442766185	116	0	-1	P-50x100	0.818	0.415	0.017	0.0	4005.545163312400	30.48
684	SUBCATCHMENT	824701.4139321970	93162.07229259040	29.74848	0.0206397950764813	121	0	-1	P-50x100	0.818	0.415	0.017	0.0	2250.5804843445700	30.48
685	SUBCATCHMENT	824752.7259360080	92861.28193929820	31.8516	0.0198095130474514	122	0	-1	P-50x100	0.818	0.415	0.017	0.0	1406.9458412853600	30.48
686	SUBCATCHMENT	824698.3343783570	93034.2220082902	30.1752	0.0144469253408662	124	0	-1	P-50x100	0.818	0.415	0.017	0.0	1286.1288863617700	30.48
687	SUBCATCHMENT	824757.4587483890	93075.32812114700	30.7848	0.0281258947220431	128	0	-1	P-50x100	0.818	0.415	0.017	0.0	990.9342360638470	30.48
688	SUBCATCHMENT	824764.9672311860	92956.98073982570	31.6992	0.0	129	0	-1	P-50x100	0.818	0.415	0.017	0.0	151.6025856351170	30.48
689	SUBCATCHMENT	823868.2276719070	93403.21607030250	29.0576	0.0093109180306181	131	0	-1	P-50x100	0.818	0.415	0.017	0.0	6984.502257043520	30.48
690	SUBCATCHMENT	823991.1299927690	93313.44179985100	27.8892	0.0092303689868825	134	0	-1	P-50x100	0.818	0.415	0.017	0.0	3019.479723899220	30.48
691	SUBCATCHMENT	824087.8099327410	93242.96772413270	26.8224	0.0086956485770647	136	0	-1	P-50x100	0.818	0.415	0.017	0.0	3205.156205772990	30.48
692	SUBCATCHMENT	824170.9523831220	93182.3624120094	26.3652	0.0022467354736292	139	0	-1	P-50x100	0.818	0.415	0.017	0.0	4135.023508127070	30.48
693	SUBCATCHMENT	824245.6486837310	93127.91122091450	26.2128	0.0	141	0	-1	P-50x100	0.818	0.415	0.017	0.0	464.5152000000000	30.48
694	SUBCATCHMENT	824380.4012142250	93029.68821735880	27.7368	0.0	142	0	-1	P-50x100	0.818	0.415	0.017	0.0	464.5152000000000	30.48
695	SUBCATCHMENT	824644.6094358080	92837.3342520684	30.6324	0.0100299513300728	143	0	-1	P-50x100	0.818	0.415	0.017	0.0	4631.2806983145000	30.48
696	SUBCATCHMENT	824729.6176157900	92775.70247533350	31.5468	0.0052517033362484	145	0	-1	P-50x100	0.818	0.415	0.017	0.0	1769.007768560780	30.48
697	SUBCATCHMENT	824764.6510760240	92750.18676572930	31.902400000000000	0.0212226276549199	147	0	-1	P-50x100	0.818	0.415	0.017	0.0	875.509305545045	30.48
698	SUBCATCHMENT	823587.7349995600	93183.75350922950	29.8704	0.0	150	0	-1	P-50x100	0.818	0.415	0.017	0.0	464.5152000000000	30.48
699	SUBCATCHMENT	824429.0054836830	92994.25452156180	28.1432	0.0066778315316598	153	0	-1	P-50x100	0.818	0.415	0.017	0.0	2782.431379394460	30.48
700	SUBCATCHMENT	824475.8031734200	92960.14155645210	29.108400000000000	0.0291530455927912	155	0	-1	P-50x100	0.818	0.415	0.017	0.0	1593.3676586945100	30.48
701	SUBCATCHMENT	823252.8109776620	92503.86336569610	31.0896	0.0	156	0	-1	P-50x100	0.818	0.415	0.017	0.0	613.555825597042	30.48
702	SUBCATCHMENT	823255.4682083280	92827.29686175990	32.156400000000000	0.0263589729552766	161	0	-1	P-50x100	0.818	0.415	0.017	0.0	2467.172302590860	30.48
703	SUBCATCHMENT	823397.992079048	92929.81661710230	31.3944	0.0	162	0	-1	P-50x100	0.818	0.415	0.017	0.0	464.5152000000000	30.48
704	SUBCATCHMENT	823320.9540831240	92839.62809747890	32.308800000000000	0.1683582014807770	164	0	-1	P-50x100	0.818	0.415	0.017	0.0	331.0906359757280	30.48
705	SUBCATCHMENT	823282.8235093860	93029.20631832130	31.6992	0.0	165	0	-1	P-50x100	0.818	0.415	0.017	0.0	464.5152000000000	30.48
706	SUBCATCHMENT	823240.8703275270	93028.75762403520	30.9372	0.0178578891032408	166	0	-1	P-50x100	0.818	0.415	0.017	0.0	1560.7058504435400	30.48
707	SUBCATCHMENT	823285.2654386640	92914.72692277340	30.9372	0.0060929093282041	169	0	-1	P-50x100	0.818	0.415	0.017	0.0	4574.319179670890	30.48
708	SUBCATCHMENT	824098.0341189600	92707.49868173990	29.01696	0.0024294516457648	171	0	-1	P-50x100	0.818	0.415	0.017	0.0	3824.033302410170	30.48
709	SUBCATCHMENT	824173.8697272890	92775.0712265959	27.1272	0.0	175	0	-1	P-50x100	0.818	0.415	0.017	0.0	464.5152000000000	30.48
710	SUBCATCHMENT	824152.0394209490	92762.24872723910	28.956000000000000	0.0	176	0	-1	P-50x100	0.818	0.415	0.017	0.0	430.5841124708650	30.48
711	SUBCATCHMENT	823266.004361741	92502.65266390070	31.0896	0.0	180	0	-1	P-50x100	0.818	0.415	0.017	0.0	621.5097601427520	30.48
712	SUBCATCHMENT	823226.1509214950	92542.7689458942	31.0896	0.0	183	0	-1	P-50x100	0.818	0.415	0.017	0.0	722.6657679221350	30.48
713	SUBCATCHMENT	823296.1550753120	92519.27217585710	31.3944	0.0065705753194836	186	0	-1	P-50x100	0.818	0.415	0.017	0.0	2827.851001860250	30.48
714	SUBCATCHMENT	823232.0111756300	92582.15029475390	32.9184	0.0	187	0	-1	P-50x100	0.818	0.415	0.017	0.0	1000.976278210660	30.48
715	SUBCATCHMENT	823276.3743556170	92596.97281612530	33.0708	0.0041077598986653	189	0	-1	P-50x100	0.818	0.415	0.017	0.0	2261.647279583840	30.48
716	SUBCATCHMENT	823359.2844231290	92587.5128683789	33.12160000000000	0.001282025211695	195	0	-1	P-50x100	0.818	0.415	0.017	0.0	7246.584478410510	30.48
717	SUBCATCHMENT	824262.2808004660	92963.55674962090	27.432	0.0	201	0	-1	P-50x100	0.818	0.415	0.017	0.0	3969.830319254860	30.48
718	SUBCATCHMENT	823945.4643450700	92513.7695911133	32.308800000000000	0.0	203	0	-1	P-50x100	0.818	0.415	0.017	0.0	2197.427902231810	30.48
719	SUBCATCHMENT	824099.6112758060	92740.19292968330	28.346400000000000	0.0187228856905579	207	0	-1	P-50x100	0.818	0.415	0.017	0.0	2977.20260227359	30.48
720	SUBCATCHMENT	824046.8656812980	92660.49940573750	29.260800000000000	0.0	208	0	-1	P-50x100	0.818	0.415	0.017	0.0	269.7261831909160	30.48
721	SUBCATCHMENT	824784.2562483300	92553.88346073310	35.9664	0.0	210	0	-1	P-50x100	0.818	0.415	0.017	0.0	464.5152000000000	30.48
722	SUBCATCHMENT	824696.3799822670	92573.05503062630	34.4424	0.0258376648829814	212	0	-1	P-50x100	0.818	0.415	0.017	0.0	719.1287635377050	30.48
723	SUBCATCHMENT	823868.2258385780	93403.21253697590	29.0576	0.0093109077932938	213	0	-1	P-50x100	0.818	0.415	0.017	0.0	6984.509936489700	30.48
724	SUBCATCHMENT	823743.9463134350	93494.21729446710	31.6992	0.0442729726385194	216	0	-1	P-50x100	0.818	0.415	0.017	0.0	1678.731460090310	30.48
725	SUBCATCHMENT	824089.8963952350	92558.62985947830	32.004000000000000	0.0	218	0	-1	P-50x100	0.818	0.415	0.017	0.0	107.92539080980800	30.48
726	SUBCATCHMENT	823844.032786964	92644.74515391320	29.972000000000000	0.0066896928526219	221	0	-1	P-50x100	0.818	0.415	0.017	0.0	1388.748961226030	30.48
727	SUBCATCHMENT	823788.6013978250	92668.6863393647	29.5656	0.0	223	0	-1	P-50x100	0.818	0.415	0.017	0.0	464.5152000000000	30.48
728	SUBCATCHMENT	823664.4365461580	92738.53069967600	30.7848	0.0	224	0	-1	P-50x100	0.818	0.415	0.017	0.0	464.5152000000000	30.48
729	SUBCATCHMENT	823508.752237526	92840.3026561306	31.0896	0.0092979832130922	225	0	-1	P-50x100	0.818	0.415	0.017	0.0	4995.870495291130	30.48
730	SUBCATCHMENT	823226.7095327190	93072.18603605520	31.3944	0.0	230	0	-1	P-50x100	0.818	0.415	0.017	0.0	464.5152000000000	30.48
731	SUBCATCHMENT	824585.168154014	92474.99949141520	33.8328	0.0	231	0	-1	P-50x100	0.818	0.415	0.017	0.0	464.5152000000000	30.48
732	SUBCATCHMENT	824654.2154665970	92635.49300575120	32.9184	0.0	232	0	-1	P-50x100	0.818	0.415	0.017	0.0	464.5152000000000	30.48
733	SUBCATCHMENT	823232.1076889000	93387.97817259990	32.004000000000000	0.0	233	0	-1	P-50x100	0.818	0.415	0.017	0.0	464.5152000000000	30.48
734	SUBCATCHMENT	823748.4441535730	92551.78497664890	31.3944	0.011953919452737	236	0	-1	P-50x100	0.818	0.415	0.017	0.0	6217.411142333110	30.48
735	SUBCATCHMENT	824094.1442867410	92655.0101667166	30.48	0.0	237	0	-1	P-50x100	0.818	0.415	0.017	0.0	464.5152000000000	30.48
736	SUBCATCHMENT	823381.8238970980	93075.26849762710	31.91691428571430	0.0108212331871844	244	0	-1	P-50x100	0.818	0.415	0.017	0.0	1717.0508830735700	30.48
737	SUBCATCHMENT	823708.6626243710	93363.5417163171	30.141333333333300	0.0128293098396105	246	0	-1	P-50x100	0.818	0.415	0.017	0.0	4344.880955941760	30.48
738	SUBCATCHMENT	823493.329407546	92490.22029178420	32.9184	0.0	254	0	-1	P-50x100	0.818	0.415	0.017	0.0	464.5152000000000	30.48
739	SUBCATCHMENT	823586.548101935	92626.16532440750	32.004000000000000	0.0	255	0	-1	P-50x100	0.818	0.415	0.017	0.0	464.5152000000000	30.48
740	SUBCATCHMENT	824462.5314499650	92721.0908345528	29.8704	0.0	256	0	-1	P-50x100	0.818	0.415	0.017	0.0	464.5152000000000	30.48
741	SUBCATCHMENT	823222.0114216610	92743.5858946239	32.9184	0.0	257	0	-1	P-50x100	0.818	0.415	0.017	0.0	67.79736962227970	30.48
742	SUBCATCHMENT	824372.7205795850	92917.8593410154	28.346400000000000	0.0	259	0	-1	P-50x100	0.818	0.415	0.017	0.0	150.61599330085400	30.48
743	SUBCATCHMENT	824036.7170966580	92482.64518459390	32.004000000000000	0.0	261	0	-1	P-50x100	0.818	0.415	0.017	0.0	464.5152000000000	30.48
744	SUBCATCHMENT	823445.4188341950	92632.29786214140	32.156400000000000	0.00637531906031	262	0	-1	P-50x100	0.818	0.415	0.017	0.0	7286.148279101350	30.48
745	SUBCATCHMENT	824614.4791127340	93104.01810203300	28.85440000000000	0.0044775824518157	265	0	-1	P-50x100	0.818	0.415	0.017	0.0	4149.696448909640	30.48
746	SUBCATCHMENT	824007.8152593980	93418.13714046000	28.651200000000000	0.0	267	0	-1	P-50x100	0.818	0.415	0.017	0.0	464.5152000000000	30.48
747	SUBCATCHMENT	824760.5862348390	93105.39477507120	31.0896	0.0	268	0	-1	P-50x100	0.818	0.415	0.017	0.0	464.5152000000000	30.48
748	SUBCATCHMENT	824540.0155949950	92913.33850005890	29.8704	0.0	269	0	-1	P-50x100	0.818	0.415	0.017	0.0	3250.110975736880	30.48
749	SUBCATCHMENT	823743.951424946	93494.21867724090	31.6992	0.0442778015100107	271	0	-1	P-50x100	0.818	0.415	0.017	0.0	1678.548380122180	30.48
750	SUBCATCHMENT	824774.2503933530	92787.01988167870	32.308800000000000	0.0	273	0	-1	P-50x100	0.818	0.415	0.017	0.0	464.5152000000000	30.48
751	SUBCATCHMENT	824751.2219725820	92922.87383098710	30.7848	0.0	274	0	-1	P-50x100	0.818	0.415	0.017	0.0	1262.2158152574100	30.48
752	SUBCATCHMENT	824766.180607139	92971.68412915830	31.0896	0.0	276	0	-1	P-50x100	0.818	0.415	0.017	0.0	28.882233880517100	30.48
753	SUBCATCHMENT	824129.8427893860	93472.33692996450	28.651200000000000	0.0	278	0	-1	P-50x100	0.818	0.415	0.017	0.0	1744.160131555080	30.48
754	SUBCATCHMENT	824173.4559281150	93417.47834177800	28.651200000000000	0.0	281	0	-1	P-50x100	0.818	0.415	0.017	0.0	464.5152000000000	30.48
755	SUBCATCHMENT	824506.7257162410	93401.48650529590	26.379054545454500	0.002919795449456	284	0	-1	P-50x100	0.818	0.415	0.017	0.0	6363.667702633600	30.48
756	SUBCATCHMENT	823289.2978583240	93496.14615050630	31.0515	0.0124429793540141	300	0	-1	P-50x100	0.818	0.415	0.017	0.0	2986.520747381260	30.48
757	SUBCATCHMENT	824403.455501449	93387.96395636170	26.754666666666700	0.0071381156859923	302	0	-1	P-50x100	0.818	0.415	0.017	0.0	3904.5195155204800	30.48
758	SUBCATCHMENT	824427.3429453400	93361.4174039002	26.5176	0.0	310	0	-1	P-50x100	0.818	0.415	0.017	0.0	1463.033894977230	30.48
759	SUBCATCHMENT	824411.221464583	93446.57574838820	26.5176	0.0	314	0	-1	P-50x100	0.818	0.415	0.017	0.0	2979.639424932560	30.48
760	SUBCATCHMENT	824744.8996430450	93400.99105564270	30.6324	0.3424593913832610	318	0	-1	P-50x100	0.818	0.415	0.017	0.0	244.1537248030250	30.48
761	SUBCATCHMENT	824306.8662112940	93399.61187751	27.432	0.0	320	0	-1	P-50x100	0.818	0.415	0.017	0.0	4733.640245483770	30.48
762	SUBCATCHMENT	824717.3799781750	93493.16223239990	28.041600000000000	0.0	322	0	-1	P-50x100	0.818	0.415	0.017	0.0	464.5152000000000	30.48
763	SUBCATCHMENT	824262.0538497	93501.08860600970	28.346400000000000	0.0	323	0	-1	P-50x100	0.818	0.415	0.017	0.0	464.5152000000000	30.48
764	SUBCATCHMENT	824023.9477757200	93462.7076542064	29.13888	0.0365733007256122	324	0	-1	P-50x100	0.818	0.415	0.017	0.0	2032.149970755910	30.48
765	SUBCATCHMENT	824348.0016948450	93481.6699308408	27.432	0.0	329	0	-1	P-50x100	0.818	0.415	0.017	0.0	1654.3800919037700	30.48
766	SUBCATCHMENT	824652.545519935	93403.99656873960	28.041600000000000	0.0	333	0	-1	P-50x100	0.818	0.415	0.017	0.0	3121.458993038710	30.48
767	SUBCATCHMENT	824395.3653842970	93210.49379574690	26.8224	0.003377898492062	337	0	-1	P-50x100	0.818	0.415	0.017	0.0	5500.641314019280	30.48
768	SUBCATCHMENT	823919.1787589140	93480.66428416650	29.46400000000000	0.0201465496879075	340	0	-1	P-50x100	0.818	0.415	0.017	0.0	3227.953620218840	30.48
769	SUBCATCHMENT	823789.4308689250	93509.31608536550	32.308800000000000	0.0	343	0	-1	P-50x100	0.818	0.415	0.017	0.0	464.5152000000000	30.48
770	SUBCATCHMENT	824396.9767410740	93428.9602588134	26.70048	0.0171946356879428	344	0	-1	P-50x100	0.818	0.415	0.017	0.0	1620.907386804570	30.48
771	SUBCATCHMENT	824163.8159473970	93263.8241490874	27.7368	0.0	349	0	-1	P-50x100	0.818	0.415	0.017	0.0	464.5152000000000	30.48
772	SUBCATCHMENT	824507.5014600240	93282.9759607826	26.8224	0.0	350	0	-1	P-50x100	0.818	0.415	0.017	0.0	2058.235102177400	30.48
773	SUBCATCHMENT	824425.1822246640	92997.04521597840	28.448	0.0147965359649342	352	0	-1	P-50x100	0.818	0.415	0.017	0.0	4395.091402076620	30.48
774	SUBCATCHMENT	823291.7318915680	92808.08246057330	33.2232	0.0	355	0	-1	P-50x100	0.818	0.415	0.017	0.0	464.5152000000000	30.48
775	SUBCATCHMENT	824488.9122222030	93177.40879691700	27.7368	0.0	356	0	-1	P-50x100	0.818	0.415	0.017	0.0	7936.387807706280	30.48
776	SUBCATCHMENT	824298.039525264	92480.9246789416	34.4424	0.0	360	0	-1	P-50x100	0.818	0.415	0.017	0.0	269.290248200176	30.48
